"The Perfect Storm ";"Confessions of a Dangerous Mind ";1
"The Perfect Storm ";"Syriana";1
"The Perfect Storm ";"Three Kings ";1
"The Perfect Storm ";"Ocean's Thirteen";1
"The Perfect Storm ";"Out of Sight ";1
"The Perfect Storm ";"Ocean's Twelve";1
"The Perfect Storm ";"Ocean's Eleven ";1
"The Perfect Storm ";"Intolerable Cruelty";1
"The Perfect Storm";"Three Kings ";1
"The Perfect Storm";"The Departed";1
"The Perfect Storm";"The Italian Job";1
"America's Sweethearts";"Confessions of a Dangerous Mind";1
"America's Sweethearts";"Everyone Says I Love You";1
"America's Sweethearts";"The Mexican ";1
"America's Sweethearts";"Full Frontal ";1
"America's Sweethearts";"Chicago ";1
"America's Sweethearts";"Ocean's Twelve";2
"America's Sweethearts";"Stepmom ";1
"America's Sweethearts";"Ocean's Eleven ";1
"America's Sweethearts";"Runaway Bride";1
"America's Sweethearts";"Pretty Woman ";1
"America's Sweethearts";"Intolerable Cruelty";1
"Rounders";"Everyone Says I Love You ";1
"Rounders";"Fight Club";1
"Rounders";"The Italian Job";1
"Rounders ";"Confessions of a Dangerous Mind";1
"Rounders ";"Syriana";1
"Rounders ";"Ocean's Thirteen ";1
"Rounders ";"Ocean's Twelve";1
"Rounders ";"The Departed";1
"Rounders ";"Ocean's Eleven ";1
"Rounders ";"Jersey Girl ";1
"Confessions of a Dangerous Mind ";"The Mexican";1
"Confessions of a Dangerous Mind ";"Fight Club";1
"Confessions of a Dangerous Mind ";"Syriana";1
"Confessions of a Dangerous Mind ";"Three Kings ";1
"Confessions of a Dangerous Mind ";"Ocean's Thirteen ";1
"Confessions of a Dangerous Mind ";"Ocean's Thirteen";1
"Confessions of a Dangerous Mind ";"Out of Sight ";1
"Confessions of a Dangerous Mind ";"Full Frontal ";1
"Confessions of a Dangerous Mind ";"Ocean's Twelve";2
"Confessions of a Dangerous Mind ";"Thelma & Louise";1
"Confessions of a Dangerous Mind ";"Ocean's Eleven ";2
"Confessions of a Dangerous Mind ";"Intolerable Cruelty";1
"Confessions of a Dangerous Mind";"Everyone Says I Love You";1
"Confessions of a Dangerous Mind";"The Mexican ";1
"Confessions of a Dangerous Mind";"Syriana";1
"Confessions of a Dangerous Mind";"Ocean's Thirteen ";1
"Confessions of a Dangerous Mind";"Full Frontal ";1
"Confessions of a Dangerous Mind";"Ocean's Twelve";2
"Confessions of a Dangerous Mind";"The Departed";1
"Confessions of a Dangerous Mind";"Stepmom ";1
"Confessions of a Dangerous Mind";"Ocean's Eleven ";2
"Confessions of a Dangerous Mind";"Runaway Bride";1
"Confessions of a Dangerous Mind";"Jersey Girl ";1
"Confessions of a Dangerous Mind";"Pretty Woman ";1
"Everyone Says I Love You ";"Fight Club";1
"Everyone Says I Love You ";"The Italian Job";1
"Everyone Says I Love You";"The Mexican ";1
"Everyone Says I Love You";"Full Frontal ";1
"Everyone Says I Love You";"Ocean's Twelve";1
"Everyone Says I Love You";"Stepmom ";1
"Everyone Says I Love You";"Ocean's Eleven ";1
"Everyone Says I Love You";"Runaway Bride";1
"Everyone Says I Love You";"Pretty Woman ";1
"The Mexican";"Fight Club";1
"The Mexican";"Ocean's Thirteen ";1
"The Mexican";"Full Frontal ";1
"The Mexican";"Ocean's Twelve";1
"The Mexican";"Thelma & Louise";1
"The Mexican";"Ocean's Eleven ";1
"The Mexican ";"Full Frontal ";1
"The Mexican ";"Ocean's Twelve";1
"The Mexican ";"Stepmom ";1
"The Mexican ";"Ocean's Eleven ";1
"The Mexican ";"Runaway Bride";1
"The Mexican ";"Pretty Woman ";1
"Fight Club";"Ocean's Thirteen ";1
"Fight Club";"Full Frontal ";1
"Fight Club";"Ocean's Twelve";1
"Fight Club";"Thelma & Louise";1
"Fight Club";"Ocean's Eleven ";1
"Fight Club";"The Italian Job";1
"Syriana";"Three Kings ";1
"Syriana";"Ocean's Thirteen ";1
"Syriana";"Ocean's Thirteen";1
"Syriana";"Out of Sight ";1
"Syriana";"Ocean's Twelve";2
"Syriana";"The Departed";1
"Syriana";"Ocean's Eleven ";2
"Syriana";"Jersey Girl ";1
"Syriana";"Intolerable Cruelty";1
"Three Kings ";"Ocean's Thirteen";1
"Three Kings ";"Out of Sight ";1
"Three Kings ";"Ocean's Twelve";1
"Three Kings ";"The Departed";1
"Three Kings ";"Ocean's Eleven ";1
"Three Kings ";"The Italian Job";1
"Three Kings ";"Intolerable Cruelty";1
"Ocean's Thirteen ";"Full Frontal ";1
"Ocean's Thirteen ";"Ocean's Twelve";2
"Ocean's Thirteen ";"Thelma & Louise";1
"Ocean's Thirteen ";"The Departed";1
"Ocean's Thirteen ";"Ocean's Eleven ";2
"Ocean's Thirteen ";"Jersey Girl ";1
"Ocean's Thirteen";"Out of Sight ";1
"Ocean's Thirteen";"Ocean's Twelve";1
"Ocean's Thirteen";"Ocean's Eleven ";1
"Ocean's Thirteen";"Intolerable Cruelty";1
"Out of Sight ";"Ocean's Twelve";1
"Out of Sight ";"Ocean's Eleven ";1
"Out of Sight ";"Intolerable Cruelty";1
"Out of Sight";"Shall We Dance";1
"Out of Sight";"Jersey Girl";1
"Full Frontal ";"Ocean's Twelve";2
"Full Frontal ";"Thelma & Louise";1
"Full Frontal ";"Stepmom ";1
"Full Frontal ";"Ocean's Eleven ";2
"Full Frontal ";"Runaway Bride";1
"Full Frontal ";"Pretty Woman ";1
"Chicago ";"Ocean's Twelve";1
"Chicago ";"Intolerable Cruelty";1
"Chicago";"Shall We Dance ";1
"Chicago";"Runaway Bride";1
"Chicago";"Pretty Woman";1
"Ocean's Twelve";"Thelma & Louise";1
"Ocean's Twelve";"The Departed";1
"Ocean's Twelve";"Stepmom ";1
"Ocean's Twelve";"Ocean's Eleven ";4
"Ocean's Twelve";"Runaway Bride";1
"Ocean's Twelve";"Jersey Girl ";1
"Ocean's Twelve";"Pretty Woman ";1
"Ocean's Twelve";"Intolerable Cruelty";2
"Thelma & Louise";"Shall We Dance ";1
"Thelma & Louise";"Stepmom ";1
"Thelma & Louise";"Ocean's Eleven ";1
"The Departed";"Ocean's Eleven ";1
"The Departed";"The Italian Job";1
"The Departed";"Jersey Girl ";1
"Shall We Dance";"Jersey Girl";1
"Shall We Dance ";"Stepmom ";1
"Shall We Dance ";"Runaway Bride";1
"Shall We Dance ";"Pretty Woman";1
"Stepmom ";"Ocean's Eleven ";1
"Stepmom ";"Runaway Bride";1
"Stepmom ";"Pretty Woman ";1
"Ocean's Eleven ";"Runaway Bride";1
"Ocean's Eleven ";"Jersey Girl ";1
"Ocean's Eleven ";"Pretty Woman ";1
"Ocean's Eleven ";"Intolerable Cruelty";1
"Runaway Bride";"Pretty Woman ";1
"Runaway Bride";"Pretty Woman";1
