"Id";"variable";"value"
"brajenisek";"cesky jazyk a literatura (Ss)";1
"Rudolph";"cesky jazyk a literatura (Ss)";1
"Fox";"cesky jazyk a literatura (Ss)";1
"DemoX";"cesky jazyk a literatura (Ss)";1
"Pospa";"Anglicky jazyk  (Ss)";1
"brajenisek";"Anglicky jazyk  (Ss)";1
"?";"Anglicky jazyk  (Ss)";1
"Letajici spagetove monstrum";"Anglicky jazyk  (Ss)";1
"El Daniel";"Anglicky jazyk  (Ss)";1
"Rudolph";"Anglicky jazyk  (Ss)";1
"Vojta K.";"Anglicky jazyk  (Ss)";1
"Alex";"Anglicky jazyk  (Ss)";1
"leebro123";"Anglicky jazyk  (Ss)";1
"DemoX";"Anglicky jazyk  (Ss)";1
"keafe";"Anglicky jazyk  (Ss)";1
"Dinn";"Anglicky jazyk  (Ss)";1
"marcinko";"Anglicky jazyk  (Ss)";1
"Tomio";"Anglicky jazyk  (Ss)";1
"Lenochod";"Anglicky jazyk  (Ss)";1
"Bronco";"Anglicky jazyk  (Ss)";1
"random VSB student";"Anglicky jazyk  (Ss)";1
"Alex";"Dalsi cizi jazyk (Ss)";1
"Tess";"Dalsi cizi jazyk (Ss)";1
"brajenisek";"Zaklady spolecenskych ved (Ss)";1
"Rudolph";"Zaklady spolecenskych ved (Ss)";1
"Tess";"Zaklady spolecenskych ved (Ss)";1
"marcinko";"Zaklady spolecenskych ved (Ss)";1
"Tomio";"Zaklady spolecenskych ved (Ss)";1
"brajenisek";"Dejepis (Ss)";1
"JakubCH";"Dejepis (Ss)";1
"El Daniel";"Dejepis (Ss)";1
"Fox";"Dejepis (Ss)";1
"Jacobs";"Dejepis (Ss)";1
"Pat0072";"Dejepis (Ss)";1
"Mystik51";"Dejepis (Ss)";1
"Bronco";"Dejepis (Ss)";1
"?";"Matematika (Ss)";1
"JakubCH";"Matematika (Ss)";1
"ebola";"Matematika (Ss)";1
"El Daniel";"Matematika (Ss)";1
"Vojta K.";"Matematika (Ss)";1
"Fox";"Matematika (Ss)";1
"Tess";"Matematika (Ss)";1
"Pat0072";"Matematika (Ss)";1
"leebro123";"Matematika (Ss)";1
"keafe";"Matematika (Ss)";1
"lf OSU";"Matematika (Ss)";1
"Mystik51";"Matematika (Ss)";1
"Dinn";"Matematika (Ss)";1
"omar";"Matematika (Ss)";1
"Tomio";"Matematika (Ss)";1
"Lenochod";"Matematika (Ss)";1
"Lachtan";"Matematika (Ss)";1
"kufrik";"Matematika (Ss)";1
"Bronco";"Matematika (Ss)";1
"random VSB student";"Matematika (Ss)";1
"ebola";"Fyzika (Ss)";1
"Rudolph";"Fyzika (Ss)";1
"Vojta K.";"Fyzika (Ss)";1
"leebro123";"Fyzika (Ss)";1
"lf OSU";"Fyzika (Ss)";1
"Mystik51";"Fyzika (Ss)";1
"marcinko";"Fyzika (Ss)";1
"Tomio";"Fyzika (Ss)";1
"Lenochod";"Fyzika (Ss)";1
"?";"Chemie (Ss)";1
"El Daniel";"Chemie (Ss)";1
"Rudolph";"Chemie (Ss)";1
"Tomio";"Chemie (Ss)";1
"?";"Biologie (Ss)";1
"Rudolph";"Biologie (Ss)";1
"Tess";"Biologie (Ss)";1
"lf OSU";"Biologie (Ss)";1
"yoshi";"Biologie (Ss)";1
"brajenisek";"Zemepis (Ss)";1
"JakubCH";"Zemepis (Ss)";1
"El Daniel";"Zemepis (Ss)";1
"Rudolph";"Zemepis (Ss)";1
"Fox";"Zemepis (Ss)";1
"Jacobs";"Zemepis (Ss)";1
"Mystik51";"Zemepis (Ss)";1
"omar";"Zemepis (Ss)";1
"Lenochod";"Zemepis (Ss)";1
"Lachtan";"Zemepis (Ss)";1
"kufrik";"Zemepis (Ss)";1
"Pospa";"Informatika a vypocetni technika (Ss)";1
"brajenisek";"Informatika a vypocetni technika (Ss)";1
"JakubCH";"Informatika a vypocetni technika (Ss)";1
"ebola";"Informatika a vypocetni technika (Ss)";1
"Letajici spagetove monstrum";"Informatika a vypocetni technika (Ss)";1
"El Daniel";"Informatika a vypocetni technika (Ss)";1
"Rudolph";"Informatika a vypocetni technika (Ss)";1
"Vojta K.";"Informatika a vypocetni technika (Ss)";1
"Fox";"Informatika a vypocetni technika (Ss)";1
"Alex";"Informatika a vypocetni technika (Ss)";1
"Jacobs";"Informatika a vypocetni technika (Ss)";1
"Tess";"Informatika a vypocetni technika (Ss)";1
"leebro123";"Informatika a vypocetni technika (Ss)";1
"DemoX";"Informatika a vypocetni technika (Ss)";1
"keafe";"Informatika a vypocetni technika (Ss)";1
"JamesBond";"Informatika a vypocetni technika (Ss)";1
"Mystik51";"Informatika a vypocetni technika (Ss)";1
"Dinn";"Informatika a vypocetni technika (Ss)";1
"marcinko";"Informatika a vypocetni technika (Ss)";1
"Tomio";"Informatika a vypocetni technika (Ss)";1
"Lenochod";"Informatika a vypocetni technika (Ss)";1
"yoshi";"Informatika a vypocetni technika (Ss)";1
"Lachtan";"Informatika a vypocetni technika (Ss)";1
"kufrik";"Informatika a vypocetni technika (Ss)";1
"Bronco";"Informatika a vypocetni technika (Ss)";1
"random VSB student";"Informatika a vypocetni technika (Ss)";1
"brajenisek";"Hudebni vychova  (Ss)";1
"ebola";"Hudebni vychova  (Ss)";1
"sesler";"Hudebni vychova  (Ss)";1
"Lachtan";"Hudebni vychova  (Ss)";1
"brajenisek";"Vytvarna vychova (Ss)";1
"?";"Vytvarna vychova (Ss)";1
"ebola";"Vytvarna vychova (Ss)";1
"sesler";"Vytvarna vychova (Ss)";1
"Tess";"Vytvarna vychova (Ss)";1
"JamesBond";"Vytvarna vychova (Ss)";1
"omar";"Vytvarna vychova (Ss)";1
"Tomio";"Vytvarna vychova (Ss)";1
"brajenisek";"Telesna vychova (Ss)";1
"JakubCH";"Telesna vychova (Ss)";1
"ebola";"Telesna vychova (Ss)";1
"Letajici spagetove monstrum";"Telesna vychova (Ss)";1
"Rudolph";"Telesna vychova (Ss)";1
"Vojta K.";"Telesna vychova (Ss)";1
"Alex";"Telesna vychova (Ss)";1
"Tess";"Telesna vychova (Ss)";1
"leebro123";"Telesna vychova (Ss)";1
"DemoX";"Telesna vychova (Ss)";1
"keafe";"Telesna vychova (Ss)";1
"Mystik51";"Telesna vychova (Ss)";1
"marcinko";"Telesna vychova (Ss)";1
"omar";"Telesna vychova (Ss)";1
"Tomio";"Telesna vychova (Ss)";1
"Lenochod";"Telesna vychova (Ss)";1
"yoshi";"Telesna vychova (Ss)";1
"kufrik";"Telesna vychova (Ss)";1
"Bronco";"Telesna vychova (Ss)";1
"?";"Algoritmy I (Bc)";1
"JakubCH";"Algoritmy I (Bc)";1
"ebola";"Algoritmy I (Bc)";1
"Letajici spagetove monstrum";"Algoritmy I (Bc)";1
"El Daniel";"Algoritmy I (Bc)";1
"Rudolph";"Algoritmy I (Bc)";1
"Vojta K.";"Algoritmy I (Bc)";1
"Alex";"Algoritmy I (Bc)";1
"Jacobs";"Algoritmy I (Bc)";1
"Tess";"Algoritmy I (Bc)";1
"Pat0072";"Algoritmy I (Bc)";1
"leebro123";"Algoritmy I (Bc)";1
"DemoX";"Algoritmy I (Bc)";1
"keafe";"Algoritmy I (Bc)";1
"lf OSU";"Algoritmy I (Bc)";1
"JamesBond";"Algoritmy I (Bc)";1
"Mystik51";"Algoritmy I (Bc)";1
"marcinko";"Algoritmy I (Bc)";1
"Lenochod";"Algoritmy I (Bc)";1
"yoshi";"Algoritmy I (Bc)";1
"kufrik";"Algoritmy I (Bc)";1
"random VSB student";"Algoritmy I (Bc)";1
"brajenisek";"Matematicka analyza 1 (Bc)";1
"ebola";"Matematicka analyza 1 (Bc)";1
"Fox";"Matematicka analyza 1 (Bc)";1
"Tess";"Matematicka analyza 1 (Bc)";1
"lf OSU";"Matematicka analyza 1 (Bc)";1
"Mystik51";"Matematicka analyza 1 (Bc)";1
"omar";"Matematicka analyza 1 (Bc)";1
"Bronco";"Matematicka analyza 1 (Bc)";1
"random VSB student";"Matematicka analyza 1 (Bc)";1
"Rudolph";"uvod do komunikacnich technologii (Bc)";1
"Fox";"uvod do komunikacnich technologii (Bc)";1
"Alex";"uvod do komunikacnich technologii (Bc)";1
"Pat0072";"uvod do komunikacnich technologii (Bc)";1
"DemoX";"uvod do komunikacnich technologii (Bc)";1
"Mystik51";"uvod do komunikacnich technologii (Bc)";1
"Dinn";"uvod do komunikacnich technologii (Bc)";1
"Lenochod";"uvod do komunikacnich technologii (Bc)";1
"Bronco";"uvod do komunikacnich technologii (Bc)";1
"brajenisek";"Zaklady elektroniky (Bc)";1
"?";"Algoritmy II (Bc)";1
"JakubCH";"Algoritmy II (Bc)";1
"ebola";"Algoritmy II (Bc)";1
"Letajici spagetove monstrum";"Algoritmy II (Bc)";1
"Rudolph";"Algoritmy II (Bc)";1
"Vojta K.";"Algoritmy II (Bc)";1
"Tess";"Algoritmy II (Bc)";1
"Pat0072";"Algoritmy II (Bc)";1
"leebro123";"Algoritmy II (Bc)";1
"keafe";"Algoritmy II (Bc)";1
"lf OSU";"Algoritmy II (Bc)";1
"JamesBond";"Algoritmy II (Bc)";1
"Mystik51";"Algoritmy II (Bc)";1
"marcinko";"Algoritmy II (Bc)";1
"Lenochod";"Algoritmy II (Bc)";1
"Lachtan";"Algoritmy II (Bc)";1
"kufrik";"Algoritmy II (Bc)";1
"random VSB student";"Algoritmy II (Bc)";1
"Pospa";"Linearni algebra (Bc)";1
"brajenisek";"Linearni algebra (Bc)";1
"ebola";"Linearni algebra (Bc)";1
"Rudolph";"Linearni algebra (Bc)";1
"Fox";"Linearni algebra (Bc)";1
"Tess";"Linearni algebra (Bc)";1
"Pat0072";"Linearni algebra (Bc)";1
"leebro123";"Linearni algebra (Bc)";1
"DemoX";"Linearni algebra (Bc)";1
"lf OSU";"Linearni algebra (Bc)";1
"Mystik51";"Linearni algebra (Bc)";1
"Bronco";"Linearni algebra (Bc)";1
"Pospa";"Matematicka analyza 2 (Bc)";1
"ebola";"Matematicka analyza 2 (Bc)";1
"Fox";"Matematicka analyza 2 (Bc)";1
"Tess";"Matematicka analyza 2 (Bc)";1
"lf OSU";"Matematicka analyza 2 (Bc)";1
"Mystik51";"Matematicka analyza 2 (Bc)";1
"Bronco";"Matematicka analyza 2 (Bc)";1
"Pospa";"Programovani I (Bc)";1
"brajenisek";"Programovani I (Bc)";1
"JakubCH";"Programovani I (Bc)";1
"ebola";"Programovani I (Bc)";1
"Letajici spagetove monstrum";"Programovani I (Bc)";1
"El Daniel";"Programovani I (Bc)";1
"Rudolph";"Programovani I (Bc)";1
"Vojta K.";"Programovani I (Bc)";1
"Fox";"Programovani I (Bc)";1
"Alex";"Programovani I (Bc)";1
"Jacobs";"Programovani I (Bc)";1
"Tess";"Programovani I (Bc)";1
"leebro123";"Programovani I (Bc)";1
"DemoX";"Programovani I (Bc)";1
"keafe";"Programovani I (Bc)";1
"lf OSU";"Programovani I (Bc)";1
"JamesBond";"Programovani I (Bc)";1
"Mystik51";"Programovani I (Bc)";1
"marcinko";"Programovani I (Bc)";1
"omar";"Programovani I (Bc)";1
"Lenochod";"Programovani I (Bc)";1
"yoshi";"Programovani I (Bc)";1
"kufrik";"Programovani I (Bc)";1
"random VSB student";"Programovani I (Bc)";1
"brajenisek";"Programovani 2 (Bc)";1
"JakubCH";"Programovani 2 (Bc)";1
"ebola";"Programovani 2 (Bc)";1
"Letajici spagetove monstrum";"Programovani 2 (Bc)";1
"El Daniel";"Programovani 2 (Bc)";1
"Rudolph";"Programovani 2 (Bc)";1
"Vojta K.";"Programovani 2 (Bc)";1
"Alex";"Programovani 2 (Bc)";1
"Jacobs";"Programovani 2 (Bc)";1
"Tess";"Programovani 2 (Bc)";1
"Pat0072";"Programovani 2 (Bc)";1
"leebro123";"Programovani 2 (Bc)";1
"DemoX";"Programovani 2 (Bc)";1
"keafe";"Programovani 2 (Bc)";1
"lf OSU";"Programovani 2 (Bc)";1
"JamesBond";"Programovani 2 (Bc)";1
"Mystik51";"Programovani 2 (Bc)";1
"marcinko";"Programovani 2 (Bc)";1
"omar";"Programovani 2 (Bc)";1
"Lenochod";"Programovani 2 (Bc)";1
"yoshi";"Programovani 2 (Bc)";1
"kufrik";"Programovani 2 (Bc)";1
"Bronco";"Programovani 2 (Bc)";1
"random VSB student";"Programovani 2 (Bc)";1
"ebola";"uvod do programovani (Bc)";1
"Letajici spagetove monstrum";"uvod do programovani (Bc)";1
"Rudolph";"uvod do programovani (Bc)";1
"Vojta K.";"uvod do programovani (Bc)";1
"Alex";"uvod do programovani (Bc)";1
"Jacobs";"uvod do programovani (Bc)";1
"leebro123";"uvod do programovani (Bc)";1
"keafe";"uvod do programovani (Bc)";1
"Mystik51";"uvod do programovani (Bc)";1
"brajenisek";"Diskretni matematika (Bc)";1
"ebola";"Diskretni matematika (Bc)";1
"Letajici spagetove monstrum";"Diskretni matematika (Bc)";1
"Fox";"Diskretni matematika (Bc)";1
"Tess";"Diskretni matematika (Bc)";1
"leebro123";"Diskretni matematika (Bc)";1
"keafe";"Diskretni matematika (Bc)";1
"lf OSU";"Diskretni matematika (Bc)";1
"Mystik51";"Diskretni matematika (Bc)";1
"Bronco";"Diskretni matematika (Bc)";1
"Alex";"Komunikacni site I (Bc)";1
"Mystik51";"Komunikacni site I (Bc)";1
"sesler";"Architektury pocitacu a paralelnich systemu (Bc)";1
"keafe";"Architektury pocitacu a paralelnich systemu (Bc)";1
"lf OSU";"Architektury pocitacu a paralelnich systemu (Bc)";1
"marcinko";"Architektury pocitacu a paralelnich systemu (Bc)";1
"Tomio";"Architektury pocitacu a paralelnich systemu (Bc)";1
"brajenisek";"Telekomunikacni site (Bc)";1
"Mystik51";"Telekomunikacni site (Bc)";1
"?";"uvod do teoreticke informatiky (Bc)";1
"JakubCH";"uvod do teoreticke informatiky (Bc)";1
"ebola";"uvod do teoreticke informatiky (Bc)";1
"El Daniel";"uvod do teoreticke informatiky (Bc)";1
"Tess";"uvod do teoreticke informatiky (Bc)";1
"Pat0072";"uvod do teoreticke informatiky (Bc)";1
"leebro123";"uvod do teoreticke informatiky (Bc)";1
"lf OSU";"uvod do teoreticke informatiky (Bc)";1
"Mystik51";"uvod do teoreticke informatiky (Bc)";1
"kufrik";"uvod do teoreticke informatiky (Bc)";1
"random VSB student";"uvod do teoreticke informatiky (Bc)";1
"brajenisek";"Databazove a informacni systemy (Bc)";1
"JakubCH";"Databazove a informacni systemy (Bc)";1
"Rudolph";"Databazove a informacni systemy (Bc)";1
"Vojta K.";"Databazove a informacni systemy (Bc)";1
"Tess";"Databazove a informacni systemy (Bc)";1
"leebro123";"Databazove a informacni systemy (Bc)";1
"keafe";"Databazove a informacni systemy (Bc)";1
"lf OSU";"Databazove a informacni systemy (Bc)";1
"JamesBond";"Databazove a informacni systemy (Bc)";1
"marcinko";"Databazove a informacni systemy (Bc)";1
"omar";"Databazove a informacni systemy (Bc)";1
"Tomio";"Databazove a informacni systemy (Bc)";1
"Lenochod";"Databazove a informacni systemy (Bc)";1
"yoshi";"Databazove a informacni systemy (Bc)";1
"Lachtan";"Databazove a informacni systemy (Bc)";1
"Pospa";"uvod do softwaroveho inzenyrstvi (Bc)";1
"brajenisek";"uvod do softwaroveho inzenyrstvi (Bc)";1
"JakubCH";"uvod do softwaroveho inzenyrstvi (Bc)";1
"Rudolph";"uvod do softwaroveho inzenyrstvi (Bc)";1
"Tess";"uvod do softwaroveho inzenyrstvi (Bc)";1
"leebro123";"uvod do softwaroveho inzenyrstvi (Bc)";1
"lf OSU";"uvod do softwaroveho inzenyrstvi (Bc)";1
"JamesBond";"uvod do softwaroveho inzenyrstvi (Bc)";1
"Dinn";"uvod do softwaroveho inzenyrstvi (Bc)";1
"marcinko";"uvod do softwaroveho inzenyrstvi (Bc)";1
"omar";"uvod do softwaroveho inzenyrstvi (Bc)";1
"Tomio";"uvod do softwaroveho inzenyrstvi (Bc)";1
"kufrik";"uvod do softwaroveho inzenyrstvi (Bc)";1
"random VSB student";"uvod do softwaroveho inzenyrstvi (Bc)";1
"Rudolph";"Operacni systemy (Bc)";1
"Alex";"Operacni systemy (Bc)";1
"brajenisek";"Programovaci jazyky I, Java (Bc)";1
"JakubCH";"Programovaci jazyky I, Java (Bc)";1
"ebola";"Programovaci jazyky I, Java (Bc)";1
"Letajici spagetove monstrum";"Programovaci jazyky I, Java (Bc)";1
"El Daniel";"Programovaci jazyky I, Java (Bc)";1
"Rudolph";"Programovaci jazyky I, Java (Bc)";1
"Alex";"Programovaci jazyky I, Java (Bc)";1
"leebro123";"Programovaci jazyky I, Java (Bc)";1
"keafe";"Programovaci jazyky I, Java (Bc)";1
"lf OSU";"Programovaci jazyky I, Java (Bc)";1
"JamesBond";"Programovaci jazyky I, Java (Bc)";1
"Mystik51";"Programovaci jazyky I, Java (Bc)";1
"Dinn";"Programovaci jazyky I, Java (Bc)";1
"marcinko";"Programovaci jazyky I, Java (Bc)";1
"Tomio";"Programovaci jazyky I, Java (Bc)";1
"Lenochod";"Programovaci jazyky I, Java (Bc)";1
"kufrik";"Programovaci jazyky I, Java (Bc)";1
"random VSB student";"Programovaci jazyky I, Java (Bc)";1
"Pospa";"Programovaci jazyky II, C# (Bc)";1
"brajenisek";"Programovaci jazyky II, C# (Bc)";1
"JakubCH";"Programovaci jazyky II, C# (Bc)";1
"ebola";"Programovaci jazyky II, C# (Bc)";1
"Letajici spagetove monstrum";"Programovaci jazyky II, C# (Bc)";1
"El Daniel";"Programovaci jazyky II, C# (Bc)";1
"Rudolph";"Programovaci jazyky II, C# (Bc)";1
"Vojta K.";"Programovaci jazyky II, C# (Bc)";1
"Alex";"Programovaci jazyky II, C# (Bc)";1
"Tess";"Programovaci jazyky II, C# (Bc)";1
"leebro123";"Programovaci jazyky II, C# (Bc)";1
"keafe";"Programovaci jazyky II, C# (Bc)";1
"lf OSU";"Programovaci jazyky II, C# (Bc)";1
"JamesBond";"Programovaci jazyky II, C# (Bc)";1
"Mystik51";"Programovaci jazyky II, C# (Bc)";1
"Dinn";"Programovaci jazyky II, C# (Bc)";1
"marcinko";"Programovaci jazyky II, C# (Bc)";1
"omar";"Programovaci jazyky II, C# (Bc)";1
"Lenochod";"Programovaci jazyky II, C# (Bc)";1
"yoshi";"Programovaci jazyky II, C# (Bc)";1
"kufrik";"Programovaci jazyky II, C# (Bc)";1
"random VSB student";"Programovaci jazyky II, C# (Bc)";1
"Alex";"Programovaci jazyky a prekladace (Bc)";1
"brajenisek";"Skriptovaci jazyky (Bc)";1
"JakubCH";"Skriptovaci jazyky (Bc)";1
"Letajici spagetove monstrum";"Skriptovaci jazyky (Bc)";1
"El Daniel";"Skriptovaci jazyky (Bc)";1
"Vojta K.";"Skriptovaci jazyky (Bc)";1
"Alex";"Skriptovaci jazyky (Bc)";1
"Tess";"Skriptovaci jazyky (Bc)";1
"keafe";"Skriptovaci jazyky (Bc)";1
"lf OSU";"Skriptovaci jazyky (Bc)";1
"JamesBond";"Skriptovaci jazyky (Bc)";1
"Mystik51";"Skriptovaci jazyky (Bc)";1
"omar";"Skriptovaci jazyky (Bc)";1
"Tomio";"Skriptovaci jazyky (Bc)";1
"Lenochod";"Skriptovaci jazyky (Bc)";1
"yoshi";"Skriptovaci jazyky (Bc)";1
"Lachtan";"Skriptovaci jazyky (Bc)";1
"random VSB student";"Skriptovaci jazyky (Bc)";1
"JakubCH";"Technologie databazovych systemu I (Bc)";1
"Tess";"Technologie databazovych systemu I (Bc)";1
"keafe";"Technologie databazovych systemu I (Bc)";1
"Pospa";"Tvorba aplikaci pro mobilni zarizeni I (Bc)";1
"brajenisek";"Tvorba aplikaci pro mobilni zarizeni I (Bc)";1
"JakubCH";"Tvorba aplikaci pro mobilni zarizeni I (Bc)";1
"ebola";"Tvorba aplikaci pro mobilni zarizeni I (Bc)";1
"Letajici spagetove monstrum";"Tvorba aplikaci pro mobilni zarizeni I (Bc)";1
"Vojta K.";"Tvorba aplikaci pro mobilni zarizeni I (Bc)";1
"Fox";"Tvorba aplikaci pro mobilni zarizeni I (Bc)";1
"Alex";"Tvorba aplikaci pro mobilni zarizeni I (Bc)";1
"leebro123";"Tvorba aplikaci pro mobilni zarizeni I (Bc)";1
"keafe";"Tvorba aplikaci pro mobilni zarizeni I (Bc)";1
"lf OSU";"Tvorba aplikaci pro mobilni zarizeni I (Bc)";1
"JamesBond";"Tvorba aplikaci pro mobilni zarizeni I (Bc)";1
"Mystik51";"Tvorba aplikaci pro mobilni zarizeni I (Bc)";1
"Dinn";"Tvorba aplikaci pro mobilni zarizeni I (Bc)";1
"marcinko";"Tvorba aplikaci pro mobilni zarizeni I (Bc)";1
"Lenochod";"Tvorba aplikaci pro mobilni zarizeni I (Bc)";1
"Lachtan";"Tvorba aplikaci pro mobilni zarizeni I (Bc)";1
"random VSB student";"Tvorba aplikaci pro mobilni zarizeni I (Bc)";1
"Pospa";"Uzivatelska rozhrani (Bc)";1
"brajenisek";"Uzivatelska rozhrani (Bc)";1
"JakubCH";"Uzivatelska rozhrani (Bc)";1
"ebola";"Uzivatelska rozhrani (Bc)";1
"Rudolph";"Uzivatelska rozhrani (Bc)";1
"Fox";"Uzivatelska rozhrani (Bc)";1
"Alex";"Uzivatelska rozhrani (Bc)";1
"Tess";"Uzivatelska rozhrani (Bc)";1
"DemoX";"Uzivatelska rozhrani (Bc)";1
"Mystik51";"Uzivatelska rozhrani (Bc)";1
"Tomio";"Uzivatelska rozhrani (Bc)";1
"kufrik";"Uzivatelska rozhrani (Bc)";1
"Pospa";"Vyvoj informacnich systemu (Bc)";1
"brajenisek";"Vyvoj informacnich systemu (Bc)";1
"JakubCH";"Vyvoj informacnich systemu (Bc)";1
"El Daniel";"Vyvoj informacnich systemu (Bc)";1
"Rudolph";"Vyvoj informacnich systemu (Bc)";1
"Vojta K.";"Vyvoj informacnich systemu (Bc)";1
"Tess";"Vyvoj informacnich systemu (Bc)";1
"leebro123";"Vyvoj informacnich systemu (Bc)";1
"lf OSU";"Vyvoj informacnich systemu (Bc)";1
"Tomio";"Vyvoj informacnich systemu (Bc)";1
"Lenochod";"Vyvoj informacnich systemu (Bc)";1
"brajenisek";"Architektura technologie .NET (Bc)";1
"JakubCH";"Architektura technologie .NET (Bc)";1
"El Daniel";"Architektura technologie .NET (Bc)";1
"Rudolph";"Architektura technologie .NET (Bc)";1
"Vojta K.";"Architektura technologie .NET (Bc)";1
"Alex";"Architektura technologie .NET (Bc)";1
"Tess";"Architektura technologie .NET (Bc)";1
"leebro123";"Architektura technologie .NET (Bc)";1
"keafe";"Architektura technologie .NET (Bc)";1
"lf OSU";"Architektura technologie .NET (Bc)";1
"JamesBond";"Architektura technologie .NET (Bc)";1
"yoshi";"Architektura technologie .NET (Bc)";1
"random VSB student";"Architektura technologie .NET (Bc)";1
"JakubCH";"Databazove systemy (Bc)";1
"Rudolph";"Databazove systemy (Bc)";1
"Vojta K.";"Databazove systemy (Bc)";1
"keafe";"Databazove systemy (Bc)";1
"omar";"Databazove systemy (Bc)";1
"Tomio";"Databazove systemy (Bc)";1
"Lenochod";"Databazove systemy (Bc)";1
"JakubCH";"Informacni systemy pro elektronicke podnikani (Bc)";1
"Letajici spagetove monstrum";"Informacni systemy pro elektronicke podnikani (Bc)";1
"Tomio";"Informacni systemy pro elektronicke podnikani (Bc)";1
"Lenochod";"Informacni systemy pro elektronicke podnikani (Bc)";1
"kufrik";"Informacni systemy pro elektronicke podnikani (Bc)";1
"Alex";"Java technologie (Bc)";1
"keafe";"Java technologie (Bc)";1
"Mystik51";"Java technologie (Bc)";1
"Rudolph";"Sprava Windows systemu (Bc)";1
"Fox";"Sprava Windows systemu (Bc)";1
"Alex";"Sprava Windows systemu (Bc)";1
"Mystik51";"Sprava Windows systemu (Bc)";1
"yoshi";"Sprava Windows systemu (Bc)";1
"kufrik";"Sprava Windows systemu (Bc)";1
"Tess";"Technologie databazovych systemu II (Bc)";1
"Rudolph";"Vyvoj internetovych aplikaci (Bc)";1
"Vojta K.";"Vyvoj internetovych aplikaci (Bc)";1
"Alex";"Vyvoj internetovych aplikaci (Bc)";1
"leebro123";"Vyvoj internetovych aplikaci (Bc)";1
"Mystik51";"Vyvoj internetovych aplikaci (Bc)";1
"marcinko";"Vyvoj internetovych aplikaci (Bc)";1
"omar";"Vyvoj internetovych aplikaci (Bc)";1
"Lachtan";"Vyvoj internetovych aplikaci (Bc)";1
"Bronco";"Vyvoj internetovych aplikaci (Bc)";1
"Tess";"Zaklady pocitacove grafiky (Bc)";1
"Lenochod";"Administrace databazovych systemu (Bc)";1
"Pospa";"Elektronicke publikovani (Bc)";1
"Rudolph";"Elektronicke publikovani (Bc)";1
"leebro123";"Elektronicke publikovani (Bc)";1
"keafe";"Elektronicke publikovani (Bc)";1
"lf OSU";"Elektronicke publikovani (Bc)";1
"Mystik51";"Elektronicke publikovani (Bc)";1
"Bronco";"Elektronicke publikovani (Bc)";1
"Fox";"Geoinformacni technologie (Bc)";1
"Pospa";"Legislativa v telekomunikacich (Bc)";1
"Fox";"Legislativa v telekomunikacich (Bc)";1
"Dinn";"Legislativa v telekomunikacich (Bc)";1
"Tess";"Modelovani v grafickych aplikacich (Bc)";1
"Lenochod";"Paralelni a distribuovane systemy (Bc)";1
"yoshi";"Paralelni a distribuovane systemy (Bc)";1
"Pospa";"Pocitacova bezpecnost (Bc)";1
"ebola";"Pocitacova bezpecnost (Bc)";1
"Alex";"Pocitacova bezpecnost (Bc)";1
"Pat0072";"Pocitacova bezpecnost (Bc)";1
"Mystik51";"Pocitacova bezpecnost (Bc)";1
"yoshi";"Pocitacova bezpecnost (Bc)";1
"Pospa";"Tvorba aplikaci pro mobilni zarizeni II (Bc)";1
"ebola";"Tvorba aplikaci pro mobilni zarizeni II (Bc)";1
"Letajici spagetove monstrum";"Tvorba aplikaci pro mobilni zarizeni II (Bc)";1
"Vojta K.";"Tvorba aplikaci pro mobilni zarizeni II (Bc)";1
"Fox";"Tvorba aplikaci pro mobilni zarizeni II (Bc)";1
"Alex";"Tvorba aplikaci pro mobilni zarizeni II (Bc)";1
"leebro123";"Tvorba aplikaci pro mobilni zarizeni II (Bc)";1
"keafe";"Tvorba aplikaci pro mobilni zarizeni II (Bc)";1
"JamesBond";"Tvorba aplikaci pro mobilni zarizeni II (Bc)";1
"Mystik51";"Tvorba aplikaci pro mobilni zarizeni II (Bc)";1
"Dinn";"Tvorba aplikaci pro mobilni zarizeni II (Bc)";1
"marcinko";"Tvorba aplikaci pro mobilni zarizeni II (Bc)";1
"Lenochod";"Tvorba aplikaci pro mobilni zarizeni II (Bc)";1
"yoshi";"Tvorba aplikaci pro mobilni zarizeni II (Bc)";1
"Lachtan";"Tvorba aplikaci pro mobilni zarizeni II (Bc)";1
"random VSB student";"Tvorba aplikaci pro mobilni zarizeni II (Bc)";1
"Pospa";"Sprava operacnich systemu (Bc)";1
"Letajici spagetove monstrum";"Sprava operacnich systemu (Bc)";1
"Rudolph";"Sprava operacnich systemu (Bc)";1
"Fox";"Sprava operacnich systemu (Bc)";1
"Alex";"Sprava operacnich systemu (Bc)";1
"DemoX";"Sprava operacnich systemu (Bc)";1
"Lenochod";"Sprava operacnich systemu (Bc)";1
"kufrik";"Sprava operacnich systemu (Bc)";1
"random VSB student";"Sprava operacnich systemu (Bc)";1
"brajenisek";"Telesna vychova (Bc)";1
"JakubCH";"Telesna vychova (Bc)";1
"ebola";"Telesna vychova (Bc)";1
"Letajici spagetove monstrum";"Telesna vychova (Bc)";1
"Rudolph";"Telesna vychova (Bc)";1
"Tess";"Telesna vychova (Bc)";1
"leebro123";"Telesna vychova (Bc)";1
"Mystik51";"Telesna vychova (Bc)";1
"marcinko";"Telesna vychova (Bc)";1
"Lenochod";"Telesna vychova (Bc)";1
"yoshi";"Telesna vychova (Bc)";1
"kufrik";"Telesna vychova (Bc)";1
"Bronco";"Telesna vychova (Bc)";1
"Pospa";"Dejiny vedy a techniky (Bc)";1
"brajenisek";"Dejiny vedy a techniky (Bc)";1
"El Daniel";"Dejiny vedy a techniky (Bc)";1
"Fox";"Dejiny vedy a techniky (Bc)";1
"DemoX";"Dejiny vedy a techniky (Bc)";1
"keafe";"Dejiny vedy a techniky (Bc)";1
"Lenochod";"Dejiny vedy a techniky (Bc)";1
"kufrik";"Dejiny vedy a techniky (Bc)";1
"Mystik51";"Politologie (Bc)";1
"JakubCH";"Psychologie (Bc)";1
"Letajici spagetove monstrum";"Psychologie (Bc)";1
"Rudolph";"Psychologie (Bc)";1
"Jacobs";"Psychologie (Bc)";1
"Tess";"Psychologie (Bc)";1
"leebro123";"Psychologie (Bc)";1
"lf OSU";"Psychologie (Bc)";1
"Lenochod";"Psychologie (Bc)";1
"random VSB student";"Psychologie (Bc)";1
"DemoX";"Sociologie (Bc)";1
"Dinn";"Sociologie (Bc)";1
"marcinko";"Sociologie (Bc)";1
"Pospa";"Jazyk anglicky (Bc)";1
"ebola";"Jazyk anglicky (Bc)";1
"El Daniel";"Jazyk anglicky (Bc)";1
"Rudolph";"Jazyk anglicky (Bc)";1
"Vojta K.";"Jazyk anglicky (Bc)";1
"leebro123";"Jazyk anglicky (Bc)";1
"Mystik51";"Jazyk anglicky (Bc)";1
"Tomio";"Jazyk anglicky (Bc)";1
"Lenochod";"Jazyk anglicky (Bc)";1
"lf OSU";"Matematika pro zpracovani znalosti (Mgr)";1
"Mystik51";"Matematika pro zpracovani znalosti (Mgr)";1
"JakubCH";"Teoreticka informatika (Mgr)";1
"ebola";"Teoreticka informatika (Mgr)";1
"Letajici spagetove monstrum";"Teoreticka informatika (Mgr)";1
"Tess";"Teoreticka informatika (Mgr)";1
"Pat0072";"Teoreticka informatika (Mgr)";1
"Mystik51";"Teoreticka informatika (Mgr)";1
"Lenochod";"Teoreticka informatika (Mgr)";1
"random VSB student";"Teoreticka informatika (Mgr)";1
"Tomio";"Databazove a informacni systemy II (Mgr)";1
"Lenochod";"Databazove a informacni systemy II (Mgr)";1
"Lachtan";"Databazove a informacni systemy II (Mgr)";1
"Letajici spagetove monstrum";"Digitalni zpracovani obrazu (Mgr)";1
"Pospa";"Metody analyzy dat I (Mgr)";1
"brajenisek";"Metody analyzy dat I (Mgr)";1
"JakubCH";"Metody analyzy dat I (Mgr)";1
"El Daniel";"Metody analyzy dat I (Mgr)";1
"Fox";"Metody analyzy dat I (Mgr)";1
"Tess";"Metody analyzy dat I (Mgr)";1
"Pat0072";"Metody analyzy dat I (Mgr)";1
"leebro123";"Metody analyzy dat I (Mgr)";1
"keafe";"Metody analyzy dat I (Mgr)";1
"lf OSU";"Metody analyzy dat I (Mgr)";1
"JamesBond";"Metody analyzy dat I (Mgr)";1
"marcinko";"Metody analyzy dat I (Mgr)";1
"omar";"Metody analyzy dat I (Mgr)";1
"Lenochod";"Metody analyzy dat I (Mgr)";1
"Lachtan";"Metody analyzy dat I (Mgr)";1
"random VSB student";"Metody analyzy dat I (Mgr)";1
"Pat0072";"Paradigmata programovani (Mgr)";1
"keafe";"Paradigmata programovani (Mgr)";1
"Lenochod";"Paradigmata programovani (Mgr)";1
"Mystik51";"Pocitacova grafika I (Mgr)";1
"marcinko";"Pocitacova grafika I (Mgr)";1
"Rudolph";"Pocitacove systemy (Mgr)";1
"Alex";"Pocitacove systemy (Mgr)";1
"DemoX";"Pocitacove systemy (Mgr)";1
"Mystik51";"Pocitacove systemy (Mgr)";1
"Mystik51";"Smerovane a prepinane site (Mgr)";1
"yoshi";"Smerovane a prepinane site (Mgr)";1
"Bronco";"Smerovane a prepinane site (Mgr)";1
"Pospa";"Biologicky inspirovane algoritmy (Mgr)";1
"Letajici spagetove monstrum";"Biologicky inspirovane algoritmy (Mgr)";1
"El Daniel";"Biologicky inspirovane algoritmy (Mgr)";1
"Fox";"Biologicky inspirovane algoritmy (Mgr)";1
"Tess";"Biologicky inspirovane algoritmy (Mgr)";1
"lf OSU";"Biologicky inspirovane algoritmy (Mgr)";1
"JamesBond";"Biologicky inspirovane algoritmy (Mgr)";1
"Mystik51";"Biologicky inspirovane algoritmy (Mgr)";1
"Dinn";"Biologicky inspirovane algoritmy (Mgr)";1
"yoshi";"Biologicky inspirovane algoritmy (Mgr)";1
"random VSB student";"Biologicky inspirovane algoritmy (Mgr)";1
"Pospa";"Paralelni algoritmy I (Mgr)";1
"brajenisek";"Paralelni algoritmy I (Mgr)";1
"JakubCH";"Paralelni algoritmy I (Mgr)";1
"ebola";"Paralelni algoritmy I (Mgr)";1
"El Daniel";"Paralelni algoritmy I (Mgr)";1
"Vojta K.";"Paralelni algoritmy I (Mgr)";1
"Tess";"Paralelni algoritmy I (Mgr)";1
"leebro123";"Paralelni algoritmy I (Mgr)";1
"lf OSU";"Paralelni algoritmy I (Mgr)";1
"JamesBond";"Paralelni algoritmy I (Mgr)";1
"Mystik51";"Paralelni algoritmy I (Mgr)";1
"marcinko";"Paralelni algoritmy I (Mgr)";1
"Lenochod";"Paralelni algoritmy I (Mgr)";1
"random VSB student";"Paralelni algoritmy I (Mgr)";1
